"student_info_id","lesson_id","height","weight","foot_size","age","gender","name"
105,55,HEIGHT_UNDER_140CM,WEIGHT_UNDER_40KG,270,PRESCHOOL_CHILD,MALE,고정원
106,55,HEIGHT_UNDER_140CM,WEIGHT_UNDER_40KG,260,PRESCHOOL_CHILD,MALE,고트승민
107,55,HEIGHT_UNDER_140CM,WEIGHT_UNDER_40KG,260,PRESCHOOL_CHILD,MALE,최민호
114,62,HEIGHT_UNDER_140CM,WEIGHT_UNDER_40KG,270,PRESCHOOL_CHILD,MALE,고정원
115,62,HEIGHT_UNDER_140CM,WEIGHT_UNDER_40KG,260,PRESCHOOL_CHILD,MALE,고트승민
116,62,HEIGHT_UNDER_140CM,WEIGHT_UNDER_40KG,260,PRESCHOOL_CHILD,MALE,최민호
117,63,HEIGHT_UNDER_140CM,WEIGHT_UNDER_40KG,270,PRESCHOOL_CHILD,MALE,고정원
118,63,HEIGHT_UNDER_140CM,WEIGHT_UNDER_40KG,260,PRESCHOOL_CHILD,MALE,고트승민
119,63,HEIGHT_UNDER_140CM,WEIGHT_UNDER_40KG,260,PRESCHOOL_CHILD,MALE,최민호
120,64,HEIGHT_UNDER_140CM,WEIGHT_UNDER_40KG,270,PRESCHOOL_CHILD,MALE,고정원
121,64,HEIGHT_UNDER_140CM,WEIGHT_UNDER_40KG,260,PRESCHOOL_CHILD,MALE,고트승민
122,64,HEIGHT_UNDER_140CM,WEIGHT_UNDER_40KG,260,PRESCHOOL_CHILD,MALE,최민호
132,68,HEIGHT_UNDER_140CM,WEIGHT_UNDER_40KG,270,PRESCHOOL_CHILD,MALE,고정원
133,68,HEIGHT_UNDER_140CM,WEIGHT_UNDER_40KG,260,PRESCHOOL_CHILD,MALE,고트승민
134,68,HEIGHT_UNDER_140CM,WEIGHT_UNDER_40KG,260,PRESCHOOL_CHILD,MALE,최민호
168,82,HEIGHT_UNDER_140CM,WEIGHT_UNDER_40KG,270,PRESCHOOL_CHILD,MALE,최지찬
169,82,HEIGHT_UNDER_140CM,WEIGHT_UNDER_40KG,270,PRESCHOOL_CHILD,MALE,고트승민
170,82,HEIGHT_UNDER_140CM,WEIGHT_UNDER_40KG,270,PRESCHOOL_CHILD,MALE,최민호
177,85,HEIGHT_UNDER_140CM,WEIGHT_UNDER_40KG,270,PRESCHOOL_CHILD,MALE,최지찬
178,85,HEIGHT_UNDER_140CM,WEIGHT_UNDER_40KG,270,PRESCHOOL_CHILD,MALE,고트승민
179,85,HEIGHT_UNDER_140CM,WEIGHT_UNDER_40KG,270,PRESCHOOL_CHILD,MALE,최민호
180,86,HEIGHT_UNDER_140CM,WEIGHT_UNDER_40KG,270,PRESCHOOL_CHILD,MALE,최지찬
181,86,HEIGHT_UNDER_140CM,WEIGHT_UNDER_40KG,270,PRESCHOOL_CHILD,MALE,고트승민
182,86,HEIGHT_UNDER_140CM,WEIGHT_UNDER_40KG,270,PRESCHOOL_CHILD,MALE,최민호
183,87,HEIGHT_UNDER_140CM,WEIGHT_UNDER_40KG,270,PRESCHOOL_CHILD,MALE,최지찬
184,87,HEIGHT_UNDER_140CM,WEIGHT_UNDER_40KG,270,PRESCHOOL_CHILD,MALE,고트승민
185,87,HEIGHT_UNDER_140CM,WEIGHT_UNDER_40KG,270,PRESCHOOL_CHILD,MALE,최민호
186,88,HEIGHT_UNDER_140CM,WEIGHT_UNDER_40KG,270,PRESCHOOL_CHILD,MALE,최지찬
187,88,HEIGHT_UNDER_140CM,WEIGHT_UNDER_40KG,270,PRESCHOOL_CHILD,MALE,고트승민
188,88,HEIGHT_UNDER_140CM,WEIGHT_UNDER_40KG,270,PRESCHOOL_CHILD,MALE,최민호
213,97,HEIGHT_UNDER_140CM,WEIGHT_UNDER_40KG,270,PRESCHOOL_CHILD,MALE,장승호
214,97,HEIGHT_UNDER_140CM,WEIGHT_UNDER_40KG,270,PRESCHOOL_CHILD,MALE,고트승민
215,97,HEIGHT_UNDER_140CM,WEIGHT_UNDER_40KG,270,PRESCHOOL_CHILD,MALE,최민호
222,100,HEIGHT_UNDER_140CM,WEIGHT_UNDER_40KG,270,PRESCHOOL_CHILD,MALE,장승호
223,100,HEIGHT_UNDER_140CM,WEIGHT_UNDER_40KG,270,PRESCHOOL_CHILD,MALE,고트승민
224,100,HEIGHT_UNDER_140CM,WEIGHT_UNDER_40KG,270,PRESCHOOL_CHILD,MALE,최민호
225,101,HEIGHT_UNDER_140CM,WEIGHT_UNDER_40KG,270,PRESCHOOL_CHILD,MALE,장승호
226,101,HEIGHT_UNDER_140CM,WEIGHT_UNDER_40KG,270,PRESCHOOL_CHILD,MALE,고트승민
227,101,HEIGHT_UNDER_140CM,WEIGHT_UNDER_40KG,270,PRESCHOOL_CHILD,MALE,최민호
234,104,HEIGHT_UNDER_140CM,WEIGHT_UNDER_40KG,270,PRESCHOOL_CHILD,MALE,장승호
235,104,HEIGHT_UNDER_140CM,WEIGHT_UNDER_40KG,270,PRESCHOOL_CHILD,MALE,고트승민
236,104,HEIGHT_UNDER_140CM,WEIGHT_UNDER_40KG,270,PRESCHOOL_CHILD,MALE,최민호
237,105,HEIGHT_UNDER_140CM,WEIGHT_UNDER_40KG,270,PRESCHOOL_CHILD,MALE,최지찬
238,105,HEIGHT_UNDER_140CM,WEIGHT_UNDER_40KG,270,PRESCHOOL_CHILD,MALE,고트승민
239,105,HEIGHT_UNDER_140CM,WEIGHT_UNDER_40KG,270,PRESCHOOL_CHILD,MALE,최민호
240,107,HEIGHT_UNDER_140CM,WEIGHT_UNDER_40KG,270,PRESCHOOL_CHILD,MALE,최지찬
241,107,HEIGHT_UNDER_140CM,WEIGHT_UNDER_40KG,270,PRESCHOOL_CHILD,MALE,고트승민
242,107,HEIGHT_UNDER_140CM,WEIGHT_UNDER_40KG,270,PRESCHOOL_CHILD,MALE,최민호
246,109,HEIGHT_UNDER_140CM,WEIGHT_UNDER_40KG,270,PRESCHOOL_CHILD,MALE,최지찬
247,109,HEIGHT_UNDER_140CM,WEIGHT_UNDER_40KG,270,PRESCHOOL_CHILD,MALE,고트승민
248,109,HEIGHT_UNDER_140CM,WEIGHT_UNDER_40KG,270,PRESCHOOL_CHILD,MALE,최민호
249,138,HEIGHT_UNDER_140CM,WEIGHT_UNDER_40KG,270,PRESCHOOL_CHILD,MALE,최지찬
250,138,HEIGHT_UNDER_140CM,WEIGHT_UNDER_40KG,270,PRESCHOOL_CHILD,MALE,고트승민
251,138,HEIGHT_UNDER_140CM,WEIGHT_UNDER_40KG,270,PRESCHOOL_CHILD,MALE,최민호
252,140,HEIGHT_UNDER_140CM,WEIGHT_UNDER_40KG,270,PRESCHOOL_CHILD,MALE,최지찬
253,140,HEIGHT_UNDER_140CM,WEIGHT_UNDER_40KG,270,PRESCHOOL_CHILD,MALE,고트승민
254,140,HEIGHT_UNDER_140CM,WEIGHT_UNDER_40KG,270,PRESCHOOL_CHILD,MALE,최민호
255,147,HEIGHT_UNDER_140CM,WEIGHT_UNDER_40KG,200,PRESCHOOL_CHILD,MALE,ㄱ
256,148,HEIGHT_UNDER_140CM,WEIGHT_UNDER_40KG,200,PRESCHOOL_CHILD,MALE,ㄱ
258,150,HEIGHT_UNDER_140CM,WEIGHT_UNDER_40KG,200,PRESCHOOL_CHILD,MALE,ㄱ
259,151,HEIGHT_UNDER_140CM,WEIGHT_UNDER_40KG,200,PRESCHOOL_CHILD,MALE,ㄱ
260,152,HEIGHT_UNDER_140CM,WEIGHT_UNDER_40KG,200,PRESCHOOL_CHILD,MALE,ㄱ
261,153,HEIGHT_UNDER_140CM,WEIGHT_UNDER_40KG,200,PRESCHOOL_CHILD,MALE,ㄱ
262,154,HEIGHT_UNDER_140CM,WEIGHT_UNDER_40KG,200,PRESCHOOL_CHILD,MALE,ㄱ
263,155,HEIGHT_UNDER_140CM,WEIGHT_UNDER_40KG,200,PRESCHOOL_CHILD,MALE,ㄱ
264,156,HEIGHT_UNDER_140CM,WEIGHT_UNDER_40KG,200,PRESCHOOL_CHILD,MALE,ㄱ
265,157,HEIGHT_UNDER_140CM,WEIGHT_UNDER_40KG,200,PRESCHOOL_CHILD,MALE,ㄱ
266,158,HEIGHT_UNDER_140CM,WEIGHT_UNDER_40KG,200,PRESCHOOL_CHILD,MALE,ㄱ
267,159,HEIGHT_UNDER_140CM,WEIGHT_UNDER_40KG,200,PRESCHOOL_CHILD,MALE,ㄱ
268,160,HEIGHT_UNDER_140CM,WEIGHT_UNDER_40KG,250,PRESCHOOL_CHILD,MALE,ㅎ25
269,161,HEIGHT_UNDER_140CM,WEIGHT_UNDER_40KG,250,PRESCHOOL_CHILD,MALE,ㅈㅈ
270,162,HEIGHT_170CM_TO_179CM,WEIGHT_60KG_TO_69KG,270,TWENTIES,MALE,ㄱㄱ
271,163,HEIGHT_170CM_TO_179CM,WEIGHT_60KG_TO_69KG,270,TWENTIES,MALE,ㄱㄱ
272,164,HEIGHT_170CM_TO_179CM,WEIGHT_60KG_TO_69KG,270,TWENTIES,MALE,ㄱㄱ
273,165,HEIGHT_170CM_TO_179CM,WEIGHT_60KG_TO_69KG,270,TWENTIES,MALE,ㄱㄱ
274,166,HEIGHT_170CM_TO_179CM,WEIGHT_60KG_TO_69KG,270,TWENTIES,MALE,ㄱㄱ
275,167,HEIGHT_170CM_TO_179CM,WEIGHT_60KG_TO_69KG,270,TWENTIES,MALE,ㄱㄱ
276,168,HEIGHT_ABOVE_180CM,WEIGHT_80KG_TO_89KG,280,FORTIES,MALE,ㄱㄱ
277,169,HEIGHT_150CM_TO_159CM,WEIGHT_40KG_TO_49KG,260,MIDDLE_HIGH,MALE,ㄱㄱ
278,170,HEIGHT_160CM_TO_169CM,WEIGHT_50KG_TO_59KG,260,TWENTIES,MALE,ㄱㄱ
279,171,HEIGHT_UNDER_140CM,WEIGHT_UNDER_40KG,220,PRESCHOOL_CHILD,MALE,ㄱㄱ
280,172,HEIGHT_150CM_TO_159CM,WEIGHT_50KG_TO_59KG,250,MIDDLE_HIGH,MALE,ㄱㄱ
281,173,HEIGHT_150CM_TO_159CM,WEIGHT_50KG_TO_59KG,250,MIDDLE_HIGH,MALE,ㄱㄱ
282,174,HEIGHT_150CM_TO_159CM,WEIGHT_50KG_TO_59KG,250,MIDDLE_HIGH,MALE,ㄱㄱ
283,175,HEIGHT_UNDER_140CM,WEIGHT_50KG_TO_59KG,270,THIRTIES,MALE,ㅎㅎ
284,176,HEIGHT_UNDER_140CM,WEIGHT_UNDER_40KG,230,PRESCHOOL_CHILD,MALE,치후
285,176,HEIGHT_ABOVE_180CM,WEIGHT_ABOVE_100KG,280,SIXTIES_OVER,MALE,필제
286,177,HEIGHT_UNDER_140CM,WEIGHT_UNDER_40KG,250,PRESCHOOL_CHILD,MALE,ㅎ
287,178,HEIGHT_ABOVE_180CM,WEIGHT_ABOVE_100KG,250,SIXTIES_OVER,FEMALE,"140"
288,178,HEIGHT_170CM_TO_179CM,WEIGHT_90KG_TO_99KG,300,FIFTIES,MALE,ㅎㅎㅎ
289,179,HEIGHT_ABOVE_180CM,WEIGHT_ABOVE_100KG,250,SIXTIES_OVER,FEMALE,"140"
290,179,HEIGHT_170CM_TO_179CM,WEIGHT_90KG_TO_99KG,300,FIFTIES,MALE,ㅎㅎㅎ
291,179,HEIGHT_ABOVE_180CM,WEIGHT_ABOVE_100KG,280,SIXTIES_OVER,MALE,ㅎ
292,179,HEIGHT_ABOVE_180CM,WEIGHT_ABOVE_100KG,300,SIXTIES_OVER,FEMALE,ㄹ
293,180,HEIGHT_UNDER_140CM,WEIGHT_ABOVE_100KG,210,PRESCHOOL_CHILD,MALE,ㄱ
295,182,HEIGHT_ABOVE_180CM,WEIGHT_ABOVE_100KG,250,SIXTIES_OVER,FEMALE,ㄴ
300,184,HEIGHT_UNDER_140CM,WEIGHT_UNDER_40KG,270,PRESCHOOL_CHILD,MALE,장승호
301,184,HEIGHT_UNDER_140CM,WEIGHT_UNDER_40KG,270,PRESCHOOL_CHILD,MALE,고트승민
302,184,HEIGHT_UNDER_140CM,WEIGHT_UNDER_40KG,270,PRESCHOOL_CHILD,MALE,최민호
303,184,HEIGHT_UNDER_140CM,WEIGHT_UNDER_40KG,270,PRESCHOOL_CHILD,MALE,카르바할
304,185,HEIGHT_ABOVE_180CM,WEIGHT_ABOVE_100KG,280,FORTIES,MALE,ㄱ
305,186,HEIGHT_150CM_TO_159CM,WEIGHT_50KG_TO_59KG,250,TWENTIES,FEMALE,ㄷ
306,187,HEIGHT_170CM_TO_179CM,WEIGHT_60KG_TO_69KG,260,TWENTIES,MALE,고승민
307,188,HEIGHT_170CM_TO_179CM,WEIGHT_60KG_TO_69KG,260,TWENTIES,MALE,승민
308,189,HEIGHT_UNDER_140CM,WEIGHT_UNDER_40KG,270,PRESCHOOL_CHILD,MALE,장승호
309,189,HEIGHT_UNDER_140CM,WEIGHT_UNDER_40KG,270,PRESCHOOL_CHILD,MALE,고트승민
310,189,HEIGHT_UNDER_140CM,WEIGHT_UNDER_40KG,270,PRESCHOOL_CHILD,MALE,최민호
311,189,HEIGHT_UNDER_140CM,WEIGHT_UNDER_40KG,270,PRESCHOOL_CHILD,MALE,카르바할
320,198,HEIGHT_ABOVE_180CM,WEIGHT_ABOVE_100KG,270,SIXTIES_OVER,MALE,준석
321,199,HEIGHT_ABOVE_180CM,WEIGHT_UNDER_40KG,300,SIXTIES_OVER,FEMALE,ㅎㅎ
322,200,HEIGHT_170CM_TO_179CM,WEIGHT_50KG_TO_59KG,270,TWENTIES,MALE,최지찬
323,201,HEIGHT_UNDER_140CM,WEIGHT_UNDER_40KG,210,ELEMENTARY,MALE,승민
324,202,HEIGHT_UNDER_140CM,WEIGHT_UNDER_40KG,200,PRESCHOOL_CHILD,MALE,승민2
325,203,HEIGHT_UNDER_140CM,WEIGHT_UNDER_40KG,200,PRESCHOOL_CHILD,MALE,승민3
326,204,HEIGHT_UNDER_140CM,WEIGHT_UNDER_40KG,200,PRESCHOOL_CHILD,MALE,승인4
327,205,HEIGHT_UNDER_140CM,WEIGHT_UNDER_40KG,200,PRESCHOOL_CHILD,MALE,승민5
328,206,HEIGHT_150CM_TO_159CM,WEIGHT_50KG_TO_59KG,240,MIDDLE_HIGH,MALE,승민6
329,207,HEIGHT_UNDER_140CM,WEIGHT_UNDER_40KG,200,PRESCHOOL_CHILD,MALE,승민
330,208,HEIGHT_ABOVE_180CM,WEIGHT_ABOVE_100KG,300,SIXTIES_OVER,FEMALE,빅맘
331,208,HEIGHT_170CM_TO_179CM,WEIGHT_70KG_TO_79KG,280,THIRTIES,MALE,샹크으
332,208,HEIGHT_ABOVE_180CM,WEIGHT_ABOVE_100KG,230,FORTIES,MALE,그라가스
333,209,HEIGHT_ABOVE_180CM,WEIGHT_ABOVE_100KG,270,SIXTIES_OVER,MALE,헹
334,211,HEIGHT_160CM_TO_169CM,WEIGHT_50KG_TO_59KG,240,TWENTIES,FEMALE,슬기
335,212,HEIGHT_160CM_TO_169CM,WEIGHT_50KG_TO_59KG,240,TWENTIES,FEMALE,슬기
336,213,HEIGHT_UNDER_140CM,WEIGHT_UNDER_40KG,200,PRESCHOOL_CHILD,MALE,"1"
337,214,HEIGHT_UNDER_140CM,WEIGHT_UNDER_40KG,200,PRESCHOOL_CHILD,FEMALE,"1"
338,214,HEIGHT_UNDER_140CM,WEIGHT_UNDER_40KG,100,PRESCHOOL_CHILD,FEMALE,ㄴㅁ
339,214,HEIGHT_UNDER_140CM,WEIGHT_UNDER_40KG,300,PRESCHOOL_CHILD,MALE,ㄴㄴ
340,215,HEIGHT_UNDER_140CM,WEIGHT_UNDER_40KG,200,FIFTIES,MALE,ㄸ
341,215,HEIGHT_160CM_TO_169CM,WEIGHT_90KG_TO_99KG,290,FIFTIES,FEMALE,다다
342,215,HEIGHT_160CM_TO_169CM,WEIGHT_UNDER_40KG,270,SIXTIES_OVER,FEMALE,개개
343,216,HEIGHT_UNDER_140CM,WEIGHT_UNDER_40KG,100,PRESCHOOL_CHILD,MALE,ㅂ
344,217,HEIGHT_UNDER_140CM,WEIGHT_UNDER_40KG,100,PRESCHOOL_CHILD,FEMALE,"1"
345,218,HEIGHT_140CM_TO_149CM,WEIGHT_ABOVE_100KG,260,ELEMENTARY,MALE,대대
346,218,HEIGHT_170CM_TO_179CM,WEIGHT_UNDER_40KG,300,PRESCHOOL_CHILD,MALE,ㅕ뎓
347,219,HEIGHT_UNDER_140CM,WEIGHT_UNDER_40KG,100,PRESCHOOL_CHILD,MALE,"1"
348,220,HEIGHT_UNDER_140CM,WEIGHT_UNDER_40KG,100,PRESCHOOL_CHILD,MALE,"1"
349,221,HEIGHT_UNDER_140CM,WEIGHT_50KG_TO_59KG,270,ELEMENTARY,MALE,ㄷㅇ
